PE1,PE2,PE3,PE4,PE5,BI1,BI2,BI3,BI4,BI5
6,5,6,5,5,6,5,6,6,5
4,5,6,6,6,6,6,6,6,6
4,4,5,4,4,4,4,4,4,4
6,6,6,6,5,6,6,6,6,6
7,7,7,6,6,6,7,6,7,6
4,4,4,1,5,4,4,4,4,4
5,5,4,5,1,4,4,5,4,4
6,4,4,4,4,4,4,4,4,4
1,1,1,1,5,1,1,1,1,1
4,4,4,4,4,4,4,4,4,4
4,4,4,4,4,4,4,4,4,4
4,4,4,4,4,5,5,5,5,5
5,5,4,6,5,4,4,4,4,4
4,4,4,4,4,4,5,5,3,5
4,4,4,4,4,4,4,4,4,4
4,4,6,4,3,4,4,4,4,4
4,4,4,4,4,4,4,4,4,5
5,6,6,6,6,6,4,4,4,4
4,6,6,6,6,6,6,6,6,4
6,4,5,5,5,5,4,4,5,5
4,4,6,6,6,4,4,4,4,5
5,5,6,6,5,5,6,6,5,6
5,6,6,6,6,6,5,6,6,6
4,6,4,4,5,4,5,3,4,6
4,5,4,4,5,1,4,5,5,3
2,4,4,4,4,4,4,4,4,4
6,6,6,6,6,1,6,5,5,6
5,5,5,5,5,6,6,5,5,6
5,4,4,4,4,4,4,4,4,4
3,3,3,3,3,3,3,3,3,3
6,6,6,6,6,6,6,6,6,6
1,4,4,4,4,4,4,4,4,4
5,3,6,5,6,4,4,4,4,4
1,2,4,1,3,4,4,4,6,6
5,4,2,5,4,1,6,2,4,6
6,6,6,6,6,4,4,4,4,4
6,4,4,4,4,4,4,4,4,4
1,4,4,4,4,4,4,4,4,4
6,6,6,6,6,5,6,5,4,4
5,5,6,5,4,6,5,5,5,5
4,4,4,4,4,4,4,4,4,4
4,4,4,4,4,1,4,7,5,4
3,4,4,4,4,4,4,4,4,4
5,5,5,5,5,4,5,5,5,5
4,5,6,5,4,5,5,4,5,6
6,6,6,6,5,6,6,6,6,6
4,4,4,4,4,4,4,4,4,4
6,6,6,4,4,6,6,6,6,6
5,5,6,4,4,7,6,7,4,6
4,4,4,1,1,4,4,4,4,5
5,5,5,4,5,4,3,4,4,4
5,5,5,5,5,6,5,6,6,6
6,6,6,6,6,4,4,4,4,4
3,4,4,4,4,4,4,4,4,5
5,5,6,5,5,6,5,6,6,6
5,5,5,5,5,4,5,4,4,4
3,4,4,4,4,4,4,4,4,4
5,4,5,5,5,3,5,5,3,6
3,6,6,6,6,6,6,6,6,6
4,4,4,4,4,4,4,4,4,4
2,1,2,2,2,4,2,3,5,4
4,2,5,4,4,2,4,5,5,5
4,4,4,4,4,4,4,4,4,4
4,4,4,5,5,4,5,4,4,4
5,6,6,5,5,5,5,5,5,4
6,6,5,6,5,6,6,6,5,6
2,4,4,4,4,4,4,4,4,4
4,4,4,4,4,4,4,4,4,4
6,5,6,5,5,6,5,5,6,6
4,5,5,5,5,5,5,5,5,5
4,4,4,4,4,4,4,4,4,4
4,4,4,4,4,4,4,4,4,4
1,4,4,4,4,4,4,4,4,4
5,5,5,4,5,5,5,5,5,4
6,5,5,5,5,5,4,4,5,5
6,5,6,6,6,6,5,6,6,6
6,6,5,5,5,4,6,6,4,4
5,5,5,6,6,6,5,5,5,4
5,4,5,5,5,6,6,5,5,5
2,1,1,1,1,2,2,2,2,2
1,1,1,1,1,2,2,2,2,2
1,1,1,1,1,7,4,7,7,7
6,6,6,6,6,6,6,5,5,5
6,6,5,5,6,1,5,5,5,5
6,5,5,5,4,5,4,4,5,4
1,1,1,1,1,2,2,2,2,2
1,1,1,1,1,2,2,2,2,2
1,1,1,1,5,2,2,2,2,2
1,1,1,1,1,2,2,2,2,2
5,4,4,5,4,4,4,4,4,5
5,4,4,5,4,4,4,4,4,5
6,6,6,6,6,6,4,4,5,6
1,4,4,4,4,4,4,4,4,4
1,1,1,1,1,2,2,2,2,2
1,1,1,5,1,2,2,2,2,2
5,4,4,4,4,4,4,4,4,4
5,5,5,4,4,5,4,4,4,4
5,4,4,4,5,4,4,4,4,4
4,4,4,4,4,4,4,4,4,4
5,4,4,4,4,4,4,4,4,4
5,5,5,5,5,4,5,2,4,4
5,4,4,4,4,4,4,4,4,4
1,1,1,1,1,2,2,2,2,2
1,1,1,1,1,2,2,2,2,2
1,1,1,1,1,2,2,2,2,5
1,1,1,1,1,2,2,2,2,2
1,1,1,1,1,2,2,2,2,2
1,1,1,1,1,2,2,2,2,5
5,5,7,6,5,7,7,7,5,7
1,1,1,1,1,2,2,2,2,2
1,1,1,1,1,2,2,2,2,2
1,1,1,1,1,2,2,2,2,2
1,1,1,1,1,1,1,1,1,4
5,3,4,6,6,5,5,5,5,5
6,6,6,6,6,6,6,6,5,5
6,5,5,6,5,3,5,5,5,5
4,4,4,4,4,4,4,4,4,5
5,3,5,4,5,7,6,6,6,6
6,6,6,6,6,6,5,5,5,5
1,4,4,4,4,4,4,4,4,4
5,5,5,5,5,4,4,4,4,5
6,6,6,6,6,6,6,5,5,6
3,3,3,3,3,4,4,4,4,4
1,4,4,4,4,4,4,5,4,4
1,2,4,4,4,4,4,4,4,4
6,6,6,5,5,6,6,5,4,5
5,5,6,6,5,5,5,5,6,4
1,4,4,4,2,4,4,4,4,4
5,6,6,6,6,6,6,6,6,6
1,5,4,4,4,4,4,4,4,5
2,4,4,4,5,4,4,4,4,4
4,4,4,4,4,4,4,4,4,4
5,6,5,5,5,4,4,4,4,4
1,2,2,5,4,2,5,4,5,4
3,3,5,5,5,4,4,4,4,4
5,5,5,5,5,4,4,4,4,4
5,5,5,5,5,5,4,4,5,5
2,4,4,4,4,4,4,4,4,4
5,5,5,5,5,6,5,5,5,6
5,4,4,4,4,4,4,4,4,4
6,6,5,5,5,6,6,6,5,5
5,6,6,6,5,5,6,6,5,4
5,5,5,5,6,6,6,5,4,5
1,5,5,5,5,4,4,4,4,4
5,6,6,5,6,6,6,4,6,5
5,4,4,4,4,4,4,4,4,4
5,5,5,6,6,4,4,5,4,4
5,5,3,3,3,4,4,4,4,4
3,3,5,5,5,4,4,4,4,4
4,4,4,4,4,4,4,4,4,4
6,6,6,5,5,3,4,4,4,4
5,5,5,5,5,4,4,4,4,4
3,4,4,4,4,6,6,6,6,6
5,5,5,5,5,4,4,4,4,4
5,4,5,5,5,6,6,6,6,6
4,4,4,4,4,6,6,6,6,6
1,4,4,4,4,4,4,4,4,4
